year,month,overall_crime,violent_crime
2022,Jan,5815,775
2022,Feb,3297,464
2022,Mar,4775,604
2022,Apr,5513,655
2022,May,6050,779
2022,Jun,6026,812
2022,Jul,5925,816
2022,Aug,6062,799
2022,Sep,6515,767
2022,Oct,6925,825
2022,Nov,6722,797
2022,Dec,6558,755
2023,Jan,6345,678
2023,Feb,6587,715
2023,Mar,7678,861
2023,Apr,7327,764
2023,May,7952,859
2023,Jun,7127,888
2023,Jul,7308,851
2023,Aug,8222,885
2023,Sep,8365,941
2023,Oct,8876,940
2023,Nov,7880,898
2023,Dec,7122,873
2024,Jan,7681,863
2024,Feb,5689,673
2024,Mar,8051,877
2024,Apr,7391,906
2024,May,8154,918
2024,Jun,8393,919
2024,Jul,8879,922
2024,Aug,8398,870
2024,Sep,7446,901
2024,Oct,8641,994
2024,Nov,8118,864
2024,Dec,8107,786
