estacion,tipo,aqhi,riesgo_salud,publicado_hkt,codigo,ubicacion
Central/Western,general,2,Low,2026-10-06T07:30:00+08:00,A,asignada al distrito (sin coordenada exacta)
Southern,general,3,Low,2026-10-06T07:30:00+08:00,D,asignada al distrito (sin coordenada exacta)
Eastern,general,3,Low,2026-10-06T07:30:00+08:00,C,asignada al distrito (sin coordenada exacta)
Kwun Tong,general,2,Low,2026-10-06T07:30:00+08:00,J,asignada al distrito (sin coordenada exacta)
Sham Shui Po,general,2,Low,2026-10-06T07:30:00+08:00,F,asignada al distrito (sin coordenada exacta)
Kwai Chung,general,2,Low,2026-10-06T07:30:00+08:00,S,asignada al distrito (sin coordenada exacta)
Tsuen Wan,general,2,Low,2026-10-06T07:30:00+08:00,K,asignada al distrito (sin coordenada exacta)
Tseung Kwan O,general,2,Low,2026-10-06T07:30:00+08:00,Q,asignada al distrito (sin coordenada exacta)
Yuen Long,general,2,Low,2026-10-06T07:30:00+08:00,M,asignada al distrito (sin coordenada exacta)
Tuen Mun,general,3,Low,2026-10-06T07:30:00+08:00,L,asignada al distrito (sin coordenada exacta)
Tung Chung,general,2,Low,2026-10-06T07:30:00+08:00,T,asignada al distrito (sin coordenada exacta)
Tai Po,general,2,Low,2026-10-06T07:30:00+08:00,P,asignada al distrito (sin coordenada exacta)
Sha Tin,general,2,Low,2026-10-06T07:30:00+08:00,R,asignada al distrito (sin coordenada exacta)
North,general,3,Low,2026-10-06T07:30:00+08:00,N,asignada al distrito (sin coordenada exacta)
Tap Mun,general,2,Low,2026-10-06T07:30:00+08:00,P,asignada al distrito (sin coordenada exacta)
Causeway Bay,borde_de_via,2,Low,2026-10-06T07:30:00+08:00,B,asignada al distrito (sin coordenada exacta)
Central,borde_de_via,2,Low,2026-10-06T07:30:00+08:00,A,asignada al distrito (sin coordenada exacta)
Mong Kok,borde_de_via,2,Low,2026-10-06T07:30:00+08:00,E,asignada al distrito (sin coordenada exacta)
