station_en,estacion,dist_m
Chek Lap Kok,Hong Kong International Airport,0.1
Cheung Chau,Cheung Chau,0.0
Clear Water Bay,Clear Water Bay,0.0
HK Observatory,Hong Kong Observatory,0.1
Hong Kong Park,Hong Kong Park,0.0
Kai Tak Runway Park,Kai Tak Runway Park,30.8
Kau Sai Chau,Kau Sai Chau,0.0
King's Park,King's Park,0.1
Kowloon City,Kowloon City,0.0
Lau Fau Shan,Lau Fau Shan,0.0
Pak Tam Chung,Pak Tam Chung (Tsak Yue Wu),0.1
Peng Chau,Peng Chau,0.0
Sai Kung,Sai Kung,0.1
Sha Tin,Sha Tin,0.0
Shau Kei Wan,Shau Kei Wan,0.0
Shek Kong,Shek Kong,0.0
Sheung Shui,Sheung Shui,0.0
Ta Kwu Ling,Ta Kwu Ling,0.0
Tai Lung,Tai Lung,0.0
Tai Po,Tai Po (Yuen Chau Tsai Park),300.0
Tseung Kwan O,Tseung Kwan O,0.1
Tsing Yi,New Tsing Yi Station,0.0
Tuen Mun,Tuen Mun Children and Juvenile Home,0.0
Waglan Island,Waglan Island,0.0
Wetland Park,Wetland Park,0.0
Wong Chuk Hang,Wong Chuk Hang,0.0
