district,district_zh,area_km2,population_2021,growth_since_2011,density_per_km2
Islands,離島區,182.74,185282,+31.1%,1021
Kwai Tsing,葵青區,23.34,495798,-3.0%,21246
North,北區,136.51,309631,+1.8%,2269
Sai Kung,西貢區,136.34,489037,+12.0%,3771
Sha Tin,沙田區,69.27,692806,+9.9%,10082
Tai Po,大埔區,148.19,316470,+6.6%,2325
Tsuen Wan,荃灣區,62.62,320094,+5.1%,5168
Tuen Mun,屯門區,87.54,506879,+4.0%,5908
Yuen Long,元朗區,138.56,668080,+15.5%,4825
Kowloon City,九龍城區,10.02,410634,+15.5%,40994
Kwun Tong,觀塘區,11.28,673166,+8.8%,59704
Sham Shui Po,深水埗區,9.36,431090,+13.2%,47067
Wong Tai Sin,黃大仙區,9.30,406802,-3.2%,43730
Yau Tsim Mong,油尖旺區,6.99,310647,+0.9%,44458
Central and Western,中西區,12.55,235953,-6.2%,18808
Eastern,東區,18.13,529603,-5.4%,29440
Southern,南區,39.40,263278,-5.5%,6779
Wan Chai,灣仔區,10.64,166695,-8.2%,15791
