anio,codigo,poblacion_mitad_anio,edad_mediana
2016,A,243300,43
2016,B,180100,44
2016,C,555000,43
2016,D,275000,43
2016,E,343000,42
2016,F,405900,42
2016,G,418700,42
2016,H,425200,44
2016,J,648500,43
2016,S,520600,42
2016,K,318900,42
2016,L,489300,42
2016,M,614200,41
2016,N,315300,42
2016,P,303900,42
2016,R,659800,43
2016,Q,461900,42
2016,T,156800,41
2017,A,244300,43
2017,B,181200,44
2017,C,552100,43
2017,D,270900,43
2017,E,337400,43
2017,F,407200,43
2017,G,418300,43
2017,H,424800,45
2017,J,669800,43
2017,S,515800,43
2017,K,317300,43
2017,L,488600,43
2017,M,629900,42
2017,N,316900,42
2017,P,306500,43
2017,R,681600,44
2017,Q,466800,42
2017,T,162600,41
2018,A,245200,43
2018,B,181900,44
2018,C,552000,44
2018,D,273100,44
2018,E,335300,43
2018,F,404200,43
2018,G,421000,43
2018,H,423800,45
2018,J,683600,44
2018,S,515200,44
2018,K,314700,44
2018,L,502400,44
2018,M,640200,42
2018,N,318500,43
2018,P,310700,43
2018,R,684600,45
2018,Q,472000,43
2018,T,172800,40
2019,A,243200,44
2019,B,180300,45
2019,C,551400,45
2019,D,271700,44
2019,E,332900,43
2019,F,423800,44
2019,G,426700,43
2019,H,421000,46
2019,J,695300,45
2019,S,511200,45
2019,K,315200,44
2019,L,502600,45
2019,M,649000,43
2019,N,318000,44
2019,P,309800,44
2019,R,691400,45
2019,Q,475300,43
2019,T,188100,40
2020,A,238600,45
2020,B,175000,45
2020,C,543500,45
2020,D,267800,45
2020,E,325700,44
2020,F,440500,44
2020,G,425700,44
2020,H,418800,47
2020,J,693200,45
2020,S,509000,45
2020,K,313400,45
2020,L,502900,45
2020,M,645100,43
2020,N,318600,44
2020,P,311100,45
2020,R,688900,45
2020,Q,475800,44
2020,T,186300,42
2021,A,236000,44
2021,B,166700,45
2021,C,529600,48
2021,D,263300,47
2021,E,310600,43
2021,F,431100,45
2021,G,410600,44
2021,H,406800,49
2021,J,673200,47
2021,S,495800,47
2021,K,320100,45
2021,L,506900,45
2021,M,668100,43
2021,N,309600,45
2021,P,316500,45
2021,R,692800,45
2021,Q,489000,44
2021,T,185300,42
2022,A,223600,45
2022,B,158100,46
2022,C,518200,49
2022,D,257000,48
2022,E,296300,44
2022,F,432500,46
2022,G,403500,45
2022,H,404400,50
2022,J,669000,48
2022,S,490900,48
2022,K,311200,46
2022,L,508800,46
2022,M,658200,44
2022,N,335500,45
2022,P,313900,45
2022,R,688600,46
2022,Q,492900,45
2022,T,182300,42
2023,A,235300,44
2023,B,165000,46
2023,C,524900,50
2023,D,263400,48
2023,E,308500,45
2023,F,441600,46
2023,G,417900,45
2023,H,407500,50
2023,J,672000,49
2023,S,499000,49
2023,K,314300,46
2023,L,540500,46
2023,M,675700,45
2023,N,343400,45
2023,P,317500,46
2023,R,705000,47
2023,Q,505700,45
2023,T,198000,41
2024,A,232200,45
2024,B,164200,45
2024,C,519200,50
2024,D,262400,48
2024,E,304100,45
2024,F,439700,46
2024,G,418600,46
2024,H,410600,51
2024,J,668400,49
2024,S,500600,49
2024,K,310000,48
2024,L,540000,46
2024,M,676800,45
2024,N,342600,46
2024,P,331100,47
2024,R,703800,47
2024,Q,501100,45
2024,T,197800,42
2025,A,231900,44
2025,B,163000,46
2025,C,508000,50
2025,D,259500,49
2025,E,301600,45
2025,F,437700,47
2025,G,427900,46
2025,H,405800,51
2025,J,669700,49
2025,S,494500,49
2025,K,302600,48
2025,L,548400,47
2025,M,680500,45
2025,N,341600,47
2025,P,329900,47
2025,R,692400,48
2025,Q,504500,46
2025,T,198400,42
