year,dc_eng,median_monthly_household_income_hkd,midyear_land_population,median_age_ghs,labour_force_participation_rate_pct
2016,Central and Western,39500,243300,43,64.3
2016,Wan Chai,40000,180100,44,65.3
2016,Eastern,31300,555000,43,61.9
2016,Southern,30700,275000,43,63.3
2016,Yau Tsim Mong,25800,343000,42,62.6
2016,Sham Shui Po,20600,405900,42,60.6
2016,Kowloon City,26900,418700,42,62.1
2016,Wong Tai Sin,22000,425200,44,59.2
2016,Kwun Tong,20800,648500,43,59.3
2016,Kwai Tsing,21200,520600,42,60.6
2016,Tsuen Wan,29200,318900,42,62.8
2016,Tuen Mun,22500,489300,42,61.4
2016,Yuen Long,22800,614200,41,59.2
2016,North,21500,315300,42,58.8
2016,Tai Po,26200,303900,42,60.6
2016,Sha Tin,26800,659800,43,59.8
2016,Sai Kung,31500,461900,42,62.6
2016,Islands,28900,156800,41,61.6
2017,Central and Western,41700,244300,43,65.2
2017,Wan Chai,40600,181200,44,64.4
2017,Eastern,32300,552100,43,61.5
2017,Southern,31900,270900,43,63.3
2017,Yau Tsim Mong,28800,337400,43,62.9
2017,Sham Shui Po,22000,407200,43,61.2
2017,Kowloon City,27600,418300,43,61.0
2017,Wong Tai Sin,22700,424800,45,58.9
2017,Kwun Tong,21300,669800,43,59.2
2017,Kwai Tsing,23100,515800,43,59.9
2017,Tsuen Wan,29700,317300,43,63.6
2017,Tuen Mun,24000,488600,43,61.5
2017,Yuen Long,24500,629900,42,60.1
2017,North,23500,316900,42,58.2
2017,Tai Po,28300,306500,43,60.3
2017,Sha Tin,28000,681600,44,60.4
2017,Sai Kung,33600,466800,42,63.2
2017,Islands,30000,162600,41,62.6
2018,Central and Western,41800,245200,43,62.8
2018,Wan Chai,42500,181900,44,64.1
2018,Eastern,33300,552000,44,62.2
2018,Southern,34800,273100,44,64.5
2018,Yau Tsim Mong,28000,335300,43,62.8
2018,Sham Shui Po,23500,404200,43,61.2
2018,Kowloon City,30000,421000,43,62.0
2018,Wong Tai Sin,24300,423800,45,59.5
2018,Kwun Tong,22200,683600,44,58.1
2018,Kwai Tsing,25000,515200,44,60.5
2018,Tsuen Wan,31500,314700,44,62.5
2018,Tuen Mun,25000,502400,44,61.6
2018,Yuen Long,26200,640200,42,61.0
2018,North,25000,318500,43,59.1
2018,Tai Po,31000,310700,43,62.1
2018,Sha Tin,29900,684600,45,59.8
2018,Sai Kung,36200,472000,43,62.7
2018,Islands,31500,172800,40,64.9
2019,Central and Western,42000,243200,44,63.0
2019,Wan Chai,44500,180300,45,62.7
2019,Eastern,34900,551400,45,61.8
2019,Southern,33200,271700,44,63.5
2019,Yau Tsim Mong,30000,332900,43,62.7
2019,Sham Shui Po,25000,423800,44,61.3
2019,Kowloon City,30400,426700,43,62.4
2019,Wong Tai Sin,26000,421000,46,59.6
2019,Kwun Tong,23000,695300,45,58.2
2019,Kwai Tsing,25000,511200,45,59.2
2019,Tsuen Wan,33000,315200,44,62.1
2019,Tuen Mun,25000,502600,45,59.7
2019,Yuen Long,27300,649000,43,59.8
2019,North,26000,318000,44,58.0
2019,Tai Po,30700,309800,44,59.9
2019,Sha Tin,30000,691400,45,59.7
2019,Sai Kung,37000,475300,43,63.1
2019,Islands,28700,188100,40,61.3
2020,Central and Western,41200,238600,45,63.6
2020,Wan Chai,40000,175000,45,63.5
2020,Eastern,32200,543500,45,61.3
2020,Southern,32100,267800,45,62.8
2020,Yau Tsim Mong,28000,325700,44,61.5
2020,Sham Shui Po,23500,440500,44,59.0
2020,Kowloon City,30000,425700,44,60.1
2020,Wong Tai Sin,24300,418800,47,57.7
2020,Kwun Tong,22000,693200,45,56.9
2020,Kwai Tsing,24300,509000,45,58.2
2020,Tsuen Wan,30000,313400,45,60.7
2020,Tuen Mun,24700,502900,45,59.7
2020,Yuen Long,25000,645100,43,59.1
2020,North,25000,318600,44,56.9
2020,Tai Po,29500,311100,45,59.9
2020,Sha Tin,28400,688900,45,58.9
2020,Sai Kung,35600,475800,44,62.3
2020,Islands,26100,186300,42,59.7
2021,Central and Western,42000,236000,44,65.4
2021,Wan Chai,40400,166700,45,63.4
2021,Eastern,31500,529600,48,58.2
2021,Southern,33000,263300,47,61.2
2021,Yau Tsim Mong,27900,310600,43,63.4
2021,Sham Shui Po,22000,431100,45,57.9
2021,Kowloon City,29700,410600,44,60.1
2021,Wong Tai Sin,23300,406800,49,56.3
2021,Kwun Tong,22200,673200,47,55.8
2021,Kwai Tsing,23300,495800,47,56.9
2021,Tsuen Wan,31800,320100,45,61.6
2021,Tuen Mun,25400,506900,45,59.8
2021,Yuen Long,27000,668100,43,60.4
2021,North,23300,309600,45,56.6
2021,Tai Po,30000,316500,45,60.3
2021,Sha Tin,27100,692800,45,58.3
2021,Sai Kung,37200,489000,44,62.1
2021,Islands,28800,185300,42,62.0
2022,Central and Western,42300,223600,45,61.5
2022,Wan Chai,41800,158100,46,61.9
2022,Eastern,31500,518200,49,57.3
2022,Southern,34200,257000,48,59.3
2022,Yau Tsim Mong,29000,296300,44,62.1
2022,Sham Shui Po,22800,432500,46,57.3
2022,Kowloon City,30000,403500,45,58.8
2022,Wong Tai Sin,24400,404400,50,55.7
2022,Kwun Tong,22100,669000,48,55.1
2022,Kwai Tsing,24300,490900,48,55.4
2022,Tsuen Wan,32300,311200,46,59.6
2022,Tuen Mun,25800,508800,46,57.0
2022,Yuen Long,28900,658200,44,59.8
2022,North,24400,335500,45,57.4
2022,Tai Po,30200,313900,45,58.6
2022,Sha Tin,29700,688600,46,57.3
2022,Sai Kung,40000,492900,45,62.3
2022,Islands,29400,182300,42,60.1
2023,Central and Western,42600,235300,44,62.2
2023,Wan Chai,40500,165000,46,61.3
2023,Eastern,33800,524900,50,57.2
2023,Southern,36000,263400,48,59.5
2023,Yau Tsim Mong,30700,308500,45,60.6
2023,Sham Shui Po,24100,441600,46,56.6
2023,Kowloon City,30700,417900,45,57.1
2023,Wong Tai Sin,25100,407500,50,54.4
2023,Kwun Tong,24000,672000,49,54.3
2023,Kwai Tsing,26000,499000,49,55.1
2023,Tsuen Wan,34400,314300,46,58.2
2023,Tuen Mun,26500,540500,46,57.2
2023,Yuen Long,30100,675700,45,58.8
2023,North,25500,343400,45,54.5
2023,Tai Po,31700,317500,46,56.6
2023,Sha Tin,30500,705000,47,56.0
2023,Sai Kung,40400,505700,45,61.2
2023,Islands,31500,198000,41,59.6
2024,Central and Western,42400,232200,45,59.8
2024,Wan Chai,40800,164200,45,60.0
2024,Eastern,32500,519200,50,55.2
2024,Southern,36000,262400,48,58.1
2024,Yau Tsim Mong,29000,304100,45,59.7
2024,Sham Shui Po,24500,439700,46,56.2
2024,Kowloon City,31100,418600,46,57.3
2024,Wong Tai Sin,25600,410600,51,54.5
2024,Kwun Tong,24200,668400,49,54.3
2024,Kwai Tsing,25500,500600,49,54.4
2024,Tsuen Wan,34200,310000,48,59.2
2024,Tuen Mun,26200,540000,46,56.9
2024,Yuen Long,30000,676800,45,58.5
2024,North,25800,342600,46,55.8
2024,Tai Po,31300,331100,47,57.2
2024,Sha Tin,31000,703800,47,55.7
2024,Sai Kung,41200,501100,45,60.5
2024,Islands,31000,197800,42,60.8
2025,Central and Western,45000,231900,44,60.1
2025,Wan Chai,43300,163000,46,62.7
2025,Eastern,33400,508000,50,56.3
2025,Southern,36000,259500,49,58.7
2025,Yau Tsim Mong,30300,301600,45,61.6
2025,Sham Shui Po,25000,437700,47,57.1
2025,Kowloon City,31300,427900,46,57.6
2025,Wong Tai Sin,25600,405800,51,52.7
2025,Kwun Tong,24900,669700,49,53.7
2025,Kwai Tsing,25700,494500,49,53.5
2025,Tsuen Wan,34200,302600,48,58.6
2025,Tuen Mun,27400,548400,47,56.3
2025,Yuen Long,30000,680500,45,58.5
2025,North,26200,341600,47,55.4
2025,Tai Po,30700,329900,47,57.3
2025,Sha Tin,31800,692400,48,55.4
2025,Sai Kung,40600,504500,46,60.6
2025,Islands,31800,198400,42,61.4
