year,gdp_per_capita_usd_constant2015
2000,26933.2130754703
2001,26885.4053275596
2002,27210.0502364654
2003,28097.0971397308
2004,30304.2901619598
2005,32401.3558626573
2006,34458.0032348089
2007,36371.6434233987
2008,36924.0529643897
2009,35938.578391742
2010,38090.0154420129
2011,39656.3184510131
2012,39887.8192650568
2013,40959.9776349249
2014,41796.8593150091
2015,42432.1619740441
2016,43087.5537128127
2017,44380.8176753147
2018,45280.4971892076
2019,44195.2741142906
2020,41451.2989586282
2021,44530.9213833761
2022,43281.0067309646
2023,43518.9311789918
2024,44734.4365296835
2025,46450.1893260301
