year,gdp_per_capita_usd_current
2000,25756.7728723704
2001,25230.3780910304
2002,24665.8362318216
2003,23977.1734120477
2004,24928.1003722551
2005,26649.637724155
2006,28224.0951563146
2007,30593.9511738646
2008,31515.5292103443
2009,30697.5383861641
2010,32550.136489179
2011,35142.4879344543
2012,36730.796195815
2013,38403.7777145477
2014,40315.3739510191
2015,42432.1619740441
2016,43734.1980702999
2017,46160.429791493
2018,48537.5668888343
2019,48359.0011950597
2020,46109.2299946609
2021,49770.5642374739
2022,48825.0272275805
2023,50525.1119312663
2024,54274.7547767073
2025,56983.0663059906
