year,cpi_inflation_pct
2000,-3.685503685503690
2001,-1.658163265306090
2002,-2.983138780804150
2003,-2.673796791443940
2004,-0.274725274725253
2005,0.826446280991827
2006,2.000251603975340
2007,2.035027133695110
2008,4.303154841049210
2009,0.579441418472608
2010,2.292890886046730
2011,5.305248929939200
2012,4.053909509038440
2013,4.337993421052670
2014,4.423645320196990
2015,2.990848193225810
2016,2.409307438622240
2017,1.493872439395220
2018,2.406134320465340
2019,2.883208537739960
2020,0.250962021080800
2021,1.568758344459220
2022,1.881367071968530
2023,2.096605112490890
2024,1.729721191059140
2025,1.436335403726730
