variable,densidad_hab_km2,edad_mediana,pct_65_mas,pct_0_14,tamano_medio_hogar,pct_titulo_universitario_15_mas,pct_nacida_en_hk,pct_vivienda_publica_alquiler,pct_vivienda_privada,ingreso_mediano_hogar_hkd_2025,ingreso_mediano_mensual_empleo_hkd_2021,tasa_participacion_laboral_pct_2025,var_ingreso_2016_2025_pct,var_pob_2016_2025_pct,paradas_por_10k_hab,paradas_por_km2,dist_media_hospital_km
densidad_hab_km2,1.0,0.4013,0.5553,-0.2441,-0.4955,-0.1284,-0.5773,0.3342,-0.1379,-0.3692,-0.3562,-0.3273,-0.1526,-0.3937,-0.2024,0.9408,-0.6383
edad_mediana,0.4013,1.0,0.8983,-0.8374,0.1569,-0.362,0.2246,0.4731,-0.5465,-0.3132,-0.4209,-0.7301,-0.2035,-0.4806,-0.4163,0.2073,0.0382
pct_65_mas,0.5553,0.8983,1.0,-0.7653,-0.1077,-0.0808,-0.0635,0.3103,-0.2591,-0.1622,-0.2442,-0.5509,-0.4321,-0.637,-0.1644,0.4455,-0.2197
pct_0_14,-0.2441,-0.8374,-0.7653,1.0,-0.0044,0.1212,-0.1236,-0.2054,0.3191,0.0343,0.1583,0.4984,0.1986,0.5552,0.0796,-0.1526,0.0199
tamano_medio_hogar,-0.4955,0.1569,-0.1077,-0.0044,1.0,-0.1042,0.6928,0.0873,-0.2644,0.1894,0.1027,-0.1209,0.2049,0.1221,-0.3796,-0.5976,0.5807
pct_titulo_universitario_15_mas,-0.1284,-0.362,-0.0808,0.1212,-0.1042,1.0,-0.4084,-0.7578,0.8604,0.9149,0.8839,0.7655,-0.5142,-0.3324,0.6338,0.0941,-0.1667
pct_nacida_en_hk,-0.5773,0.2246,-0.0635,-0.1236,0.6928,-0.4084,1.0,0.0327,-0.3546,-0.1363,-0.1082,-0.3357,0.3699,0.2244,-0.3458,-0.6964,0.5378
pct_vivienda_publica_alquiler,0.3342,0.4731,0.3103,-0.2054,0.0873,-0.7578,0.0327,1.0,-0.8954,-0.7054,-0.7497,-0.7368,0.2266,0.2678,-0.6098,0.0841,0.0845
pct_vivienda_privada,-0.1379,-0.5465,-0.2591,0.3191,-0.2644,0.8604,-0.3546,-0.8954,1.0,0.716,0.7827,0.8206,-0.37,-0.3196,0.6837,0.1267,-0.32
ingreso_mediano_hogar_hkd_2025,-0.3692,-0.3132,-0.1622,0.0343,0.1894,0.9149,-0.1363,-0.7054,0.716,1.0,0.9122,0.7241,-0.3034,-0.2635,0.5229,-0.1785,0.0291
ingreso_mediano_mensual_empleo_hkd_2021,-0.3562,-0.4209,-0.2442,0.1583,0.1027,0.8839,-0.1082,-0.7497,0.7827,0.9122,1.0,0.7013,-0.3191,-0.2226,0.4793,-0.1651,-0.0917
tasa_participacion_laboral_pct_2025,-0.3273,-0.7301,-0.5509,0.4984,-0.1209,0.7655,-0.3357,-0.7368,0.8206,0.7241,0.7013,1.0,-0.2025,0.0138,0.6644,-0.0734,-0.124
var_ingreso_2016_2025_pct,-0.1526,-0.2035,-0.4321,0.1986,0.2049,-0.5142,0.3699,0.2266,-0.37,-0.3034,-0.3191,-0.2025,1.0,0.3323,-0.388,-0.2156,-0.0584
var_pob_2016_2025_pct,-0.3937,-0.4806,-0.637,0.5552,0.1221,-0.3324,0.2244,0.2678,-0.3196,-0.2635,-0.2226,0.0138,0.3323,1.0,-0.1354,-0.4808,0.4549
paradas_por_10k_hab,-0.2024,-0.4163,-0.1644,0.0796,-0.3796,0.6338,-0.3458,-0.6098,0.6837,0.5229,0.4793,0.6644,-0.388,-0.1354,1.0,0.0934,-0.1239
paradas_por_km2,0.9408,0.2073,0.4455,-0.1526,-0.5976,0.0941,-0.6964,0.0841,0.1267,-0.1785,-0.1651,-0.0734,-0.2156,-0.4808,0.0934,1.0,-0.73
dist_media_hospital_km,-0.6383,0.0382,-0.2197,0.0199,0.5807,-0.1667,0.5378,0.0845,-0.32,0.0291,-0.0917,-0.124,-0.0584,0.4549,-0.1239,-0.73,1.0
