var_x,var_y,etiqueta_x,etiqueta_y,pearson_r,pearson_p,spearman_rho,spearman_p,n,significativo_5pct
densidad_hab_km2,paradas_por_km2,Densidad (hab/km²),Paradas por km²,0.9408,0.0,0.9628,0.0,18,True
pct_titulo_universitario_15_mas,ingreso_mediano_hogar_hkd_2025,% con título universitario,Ingreso mediano hogar 2025,0.9149,0.0,0.8446,1e-05,18,True
ingreso_mediano_hogar_hkd_2025,ingreso_mediano_mensual_empleo_hkd_2021,Ingreso mediano hogar 2025,Ingreso mediano por empleo 2021,0.9122,0.0,0.8863,0.0,18,True
edad_mediana,pct_65_mas,Edad mediana,% 65+ años,0.8983,0.0,0.8713,0.0,18,True
pct_vivienda_publica_alquiler,pct_vivienda_privada,% vivienda pública de alquiler,% vivienda privada,-0.8954,0.0,-0.8287,2e-05,18,True
pct_titulo_universitario_15_mas,ingreso_mediano_mensual_empleo_hkd_2021,% con título universitario,Ingreso mediano por empleo 2021,0.8839,0.0,0.8559,1e-05,18,True
pct_titulo_universitario_15_mas,pct_vivienda_privada,% con título universitario,% vivienda privada,0.8604,0.0,0.8514,1e-05,18,True
edad_mediana,pct_0_14,Edad mediana,% 0-14 años,-0.8374,1e-05,-0.768,0.0002,18,True
pct_vivienda_privada,tasa_participacion_laboral_pct_2025,% vivienda privada,Participación laboral 2025,0.8206,3e-05,0.8048,6e-05,18,True
pct_vivienda_privada,ingreso_mediano_mensual_empleo_hkd_2021,% vivienda privada,Ingreso mediano por empleo 2021,0.7827,0.00012,0.7709,0.00018,18,True
pct_titulo_universitario_15_mas,tasa_participacion_laboral_pct_2025,% con título universitario,Participación laboral 2025,0.7655,0.00021,0.7944,8e-05,18,True
pct_65_mas,pct_0_14,% 65+ años,% 0-14 años,-0.7653,0.00021,-0.7709,0.00018,18,True
pct_titulo_universitario_15_mas,pct_vivienda_publica_alquiler,% con título universitario,% vivienda pública de alquiler,-0.7578,0.00027,-0.7317,0.00056,18,True
pct_vivienda_publica_alquiler,ingreso_mediano_mensual_empleo_hkd_2021,% vivienda pública de alquiler,Ingreso mediano por empleo 2021,-0.7497,0.00034,-0.7206,0.00074,18,True
pct_vivienda_publica_alquiler,tasa_participacion_laboral_pct_2025,% vivienda pública de alquiler,Participación laboral 2025,-0.7368,0.00049,-0.6674,0.00248,18,True
edad_mediana,tasa_participacion_laboral_pct_2025,Edad mediana,Participación laboral 2025,-0.7301,0.00058,-0.7289,0.0006,18,True
paradas_por_km2,dist_media_hospital_km,Paradas por km²,Dist. media a urgencias (km),-0.73,0.00058,-0.7682,0.0002,18,True
ingreso_mediano_hogar_hkd_2025,tasa_participacion_laboral_pct_2025,Ingreso mediano hogar 2025,Participación laboral 2025,0.7241,0.00068,0.7075,0.00102,18,True
pct_vivienda_privada,ingreso_mediano_hogar_hkd_2025,% vivienda privada,Ingreso mediano hogar 2025,0.716,0.00083,0.6866,0.00165,18,True
pct_vivienda_publica_alquiler,ingreso_mediano_hogar_hkd_2025,% vivienda pública de alquiler,Ingreso mediano hogar 2025,-0.7054,0.00108,-0.6701,0.00234,18,True
ingreso_mediano_mensual_empleo_hkd_2021,tasa_participacion_laboral_pct_2025,Ingreso mediano por empleo 2021,Participación laboral 2025,0.7013,0.00118,0.6604,0.00285,18,True
pct_nacida_en_hk,paradas_por_km2,% nacida en HK,Paradas por km²,-0.6964,0.00132,-0.581,0.01145,18,True
tamano_medio_hogar,pct_nacida_en_hk,Tamaño medio del hogar,% nacida en HK,0.6928,0.00144,0.6748,0.00212,18,True
pct_vivienda_privada,paradas_por_10k_hab,% vivienda privada,Paradas por 10k hab.,0.6837,0.00176,0.5769,0.0122,18,True
tasa_participacion_laboral_pct_2025,paradas_por_10k_hab,Participación laboral 2025,Paradas por 10k hab.,0.6644,0.00263,0.6178,0.00629,18,True
densidad_hab_km2,dist_media_hospital_km,Densidad (hab/km²),Dist. media a urgencias (km),-0.6383,0.00436,-0.7155,0.00084,18,True
pct_65_mas,var_pob_2016_2025_pct,% 65+ años,Var. población 2016-2025,-0.637,0.00447,-0.5212,0.02657,18,True
pct_titulo_universitario_15_mas,paradas_por_10k_hab,% con título universitario,Paradas por 10k hab.,0.6338,0.00474,0.387,0.11261,18,True
pct_vivienda_publica_alquiler,paradas_por_10k_hab,% vivienda pública de alquiler,Paradas por 10k hab.,-0.6098,0.0072,-0.4923,0.03797,18,True
tamano_medio_hogar,paradas_por_km2,Tamaño medio del hogar,Paradas por km²,-0.5976,0.00881,-0.5352,0.0221,18,True
tamano_medio_hogar,dist_media_hospital_km,Tamaño medio del hogar,Dist. media a urgencias (km),0.5807,0.01151,0.5659,0.01438,18,True
densidad_hab_km2,pct_nacida_en_hk,Densidad (hab/km²),% nacida en HK,-0.5773,0.01212,-0.5253,0.02518,18,True
densidad_hab_km2,pct_65_mas,Densidad (hab/km²),% 65+ años,0.5553,0.01675,0.6594,0.00291,18,True
pct_0_14,var_pob_2016_2025_pct,% 0-14 años,Var. población 2016-2025,0.5552,0.01677,0.3994,0.1006,18,True
pct_65_mas,tasa_participacion_laboral_pct_2025,% 65+ años,Participación laboral 2025,-0.5509,0.01781,-0.5527,0.01737,18,True
edad_mediana,pct_vivienda_privada,Edad mediana,% vivienda privada,-0.5465,0.01895,-0.585,0.01076,18,True
pct_nacida_en_hk,dist_media_hospital_km,% nacida en HK,Dist. media a urgencias (km),0.5378,0.02134,0.5638,0.01482,18,True
ingreso_mediano_hogar_hkd_2025,paradas_por_10k_hab,Ingreso mediano hogar 2025,Paradas por 10k hab.,0.5229,0.02598,0.3345,0.17481,18,True
pct_titulo_universitario_15_mas,var_ingreso_2016_2025_pct,% con título universitario,Var. ingreso 2016-2025,-0.5142,0.02902,-0.54,0.0207,18,True
pct_0_14,tasa_participacion_laboral_pct_2025,% 0-14 años,Participación laboral 2025,0.4984,0.03529,0.4514,0.06003,18,True
densidad_hab_km2,tamano_medio_hogar,Densidad (hab/km²),Tamaño medio del hogar,-0.4955,0.03653,-0.4851,0.04131,18,True
var_pob_2016_2025_pct,paradas_por_km2,Var. población 2016-2025,Paradas por km²,-0.4808,0.04341,-0.5789,0.01182,18,True
edad_mediana,var_pob_2016_2025_pct,Edad mediana,Var. población 2016-2025,-0.4806,0.04352,-0.3328,0.17718,18,True
ingreso_mediano_mensual_empleo_hkd_2021,paradas_por_10k_hab,Ingreso mediano por empleo 2021,Paradas por 10k hab.,0.4793,0.04416,0.3021,0.22309,18,True
edad_mediana,pct_vivienda_publica_alquiler,Edad mediana,% vivienda pública de alquiler,0.4731,0.04738,0.4196,0.08298,18,True
var_pob_2016_2025_pct,dist_media_hospital_km,Var. población 2016-2025,Dist. media a urgencias (km),0.4549,0.05789,0.3975,0.10234,18,False
pct_65_mas,paradas_por_km2,% 65+ años,Paradas por km²,0.4455,0.06388,0.5583,0.01604,18,False
pct_65_mas,var_ingreso_2016_2025_pct,% 65+ años,Var. ingreso 2016-2025,-0.4321,0.0733,-0.3294,0.18197,18,False
edad_mediana,ingreso_mediano_mensual_empleo_hkd_2021,Edad mediana,Ingreso mediano por empleo 2021,-0.4209,0.08196,-0.5053,0.03243,18,False
edad_mediana,paradas_por_10k_hab,Edad mediana,Paradas por 10k hab.,-0.4163,0.08569,-0.4879,0.03999,18,False
pct_titulo_universitario_15_mas,pct_nacida_en_hk,% con título universitario,% nacida en HK,-0.4084,0.09247,-0.356,0.14703,18,False
densidad_hab_km2,edad_mediana,Densidad (hab/km²),Edad mediana,0.4013,0.09883,0.4207,0.08215,18,False
densidad_hab_km2,var_pob_2016_2025_pct,Densidad (hab/km²),Var. población 2016-2025,-0.3937,0.10598,-0.548,0.01855,18,False
var_ingreso_2016_2025_pct,paradas_por_10k_hab,Var. ingreso 2016-2025,Paradas por 10k hab.,-0.388,0.11157,-0.2468,0.32355,18,False
tamano_medio_hogar,paradas_por_10k_hab,Tamaño medio del hogar,Paradas por 10k hab.,-0.3796,0.12028,-0.4009,0.09924,18,False
pct_vivienda_privada,var_ingreso_2016_2025_pct,% vivienda privada,Var. ingreso 2016-2025,-0.37,0.13072,-0.4874,0.04023,18,False
pct_nacida_en_hk,var_ingreso_2016_2025_pct,% nacida en HK,Var. ingreso 2016-2025,0.3699,0.13083,0.4368,0.06995,18,False
densidad_hab_km2,ingreso_mediano_hogar_hkd_2025,Densidad (hab/km²),Ingreso mediano hogar 2025,-0.3692,0.13157,-0.3748,0.1254,18,False
edad_mediana,pct_titulo_universitario_15_mas,Edad mediana,% con título universitario,-0.362,0.13994,-0.4837,0.04196,18,False
densidad_hab_km2,ingreso_mediano_mensual_empleo_hkd_2021,Densidad (hab/km²),Ingreso mediano por empleo 2021,-0.3562,0.14686,-0.2601,0.29719,18,False
pct_nacida_en_hk,pct_vivienda_privada,% nacida en HK,% vivienda privada,-0.3546,0.14883,-0.3849,0.11471,18,False
pct_nacida_en_hk,paradas_por_10k_hab,% nacida en HK,Paradas por 10k hab.,-0.3458,0.1599,-0.2735,0.27217,18,False
pct_nacida_en_hk,tasa_participacion_laboral_pct_2025,% nacida en HK,Participación laboral 2025,-0.3357,0.17322,-0.3285,0.18319,18,False
densidad_hab_km2,pct_vivienda_publica_alquiler,Densidad (hab/km²),% vivienda pública de alquiler,0.3342,0.17527,0.2136,0.39469,18,False
pct_titulo_universitario_15_mas,var_pob_2016_2025_pct,% con título universitario,Var. población 2016-2025,-0.3324,0.17769,-0.3271,0.18513,18,False
var_ingreso_2016_2025_pct,var_pob_2016_2025_pct,Var. ingreso 2016-2025,Var. población 2016-2025,0.3323,0.17789,0.5039,0.033,18,False
densidad_hab_km2,tasa_participacion_laboral_pct_2025,Densidad (hab/km²),Participación laboral 2025,-0.3273,0.18489,-0.2903,0.24258,18,False
pct_vivienda_privada,dist_media_hospital_km,% vivienda privada,Dist. media a urgencias (km),-0.32,0.1955,-0.2736,0.27192,18,False
pct_vivienda_privada,var_pob_2016_2025_pct,% vivienda privada,Var. población 2016-2025,-0.3196,0.19613,-0.3746,0.12561,18,False
ingreso_mediano_mensual_empleo_hkd_2021,var_ingreso_2016_2025_pct,Ingreso mediano por empleo 2021,Var. ingreso 2016-2025,-0.3191,0.19677,-0.4759,0.04589,18,False
pct_0_14,pct_vivienda_privada,% 0-14 años,% vivienda privada,0.3191,0.19677,0.3003,0.22596,18,False
edad_mediana,ingreso_mediano_hogar_hkd_2025,Edad mediana,Ingreso mediano hogar 2025,-0.3132,0.20574,-0.3563,0.14676,18,False
pct_65_mas,pct_vivienda_publica_alquiler,% 65+ años,% vivienda pública de alquiler,0.3103,0.21012,0.3478,0.15731,18,False
ingreso_mediano_hogar_hkd_2025,var_ingreso_2016_2025_pct,Ingreso mediano hogar 2025,Var. ingreso 2016-2025,-0.3034,0.22104,-0.4711,0.04846,18,False
pct_vivienda_publica_alquiler,var_pob_2016_2025_pct,% vivienda pública de alquiler,Var. población 2016-2025,0.2678,0.28265,0.3581,0.14453,18,False
tamano_medio_hogar,pct_vivienda_privada,Tamaño medio del hogar,% vivienda privada,-0.2644,0.28909,-0.1205,0.63397,18,False
ingreso_mediano_hogar_hkd_2025,var_pob_2016_2025_pct,Ingreso mediano hogar 2025,Var. población 2016-2025,-0.2635,0.29068,-0.2829,0.25531,18,False
pct_65_mas,pct_vivienda_privada,% 65+ años,% vivienda privada,-0.2591,0.29925,-0.3395,0.16807,18,False
pct_65_mas,ingreso_mediano_mensual_empleo_hkd_2021,% 65+ años,Ingreso mediano por empleo 2021,-0.2442,0.32883,-0.2905,0.24215,18,False
densidad_hab_km2,pct_0_14,Densidad (hab/km²),% 0-14 años,-0.2441,0.32909,-0.3271,0.18513,18,False
pct_vivienda_publica_alquiler,var_ingreso_2016_2025_pct,% vivienda pública de alquiler,Var. ingreso 2016-2025,0.2266,0.36593,0.254,0.30912,18,False
edad_mediana,pct_nacida_en_hk,Edad mediana,% nacida en HK,0.2246,0.37023,0.2305,0.35749,18,False
pct_nacida_en_hk,var_pob_2016_2025_pct,% nacida en HK,Var. población 2016-2025,0.2244,0.37061,0.42,0.08267,18,False
ingreso_mediano_mensual_empleo_hkd_2021,var_pob_2016_2025_pct,Ingreso mediano por empleo 2021,Var. población 2016-2025,-0.2226,0.37473,-0.2318,0.35467,18,False
pct_65_mas,dist_media_hospital_km,% 65+ años,Dist. media a urgencias (km),-0.2197,0.3811,-0.2127,0.39678,18,False
var_ingreso_2016_2025_pct,paradas_por_km2,Var. ingreso 2016-2025,Paradas por km²,-0.2156,0.3903,-0.2158,0.38978,18,False
edad_mediana,paradas_por_km2,Edad mediana,Paradas por km²,0.2073,0.40924,0.2615,0.29456,18,False
pct_0_14,pct_vivienda_publica_alquiler,% 0-14 años,% vivienda pública de alquiler,-0.2054,0.41355,-0.1187,0.63905,18,False
tamano_medio_hogar,var_ingreso_2016_2025_pct,Tamaño medio del hogar,Var. ingreso 2016-2025,0.2049,0.41477,0.1024,0.68598,18,False
edad_mediana,var_ingreso_2016_2025_pct,Edad mediana,Var. ingreso 2016-2025,-0.2035,0.41792,-0.075,0.76748,18,False
tasa_participacion_laboral_pct_2025,var_ingreso_2016_2025_pct,Participación laboral 2025,Var. ingreso 2016-2025,-0.2025,0.42031,-0.2656,0.28671,18,False
densidad_hab_km2,paradas_por_10k_hab,Densidad (hab/km²),Paradas por 10k hab.,-0.2024,0.42062,-0.2632,0.29139,18,False
pct_0_14,var_ingreso_2016_2025_pct,% 0-14 años,Var. ingreso 2016-2025,0.1986,0.42963,0.2137,0.39444,18,False
tamano_medio_hogar,ingreso_mediano_hogar_hkd_2025,Tamaño medio del hogar,Ingreso mediano hogar 2025,0.1894,0.4516,0.3269,0.18544,18,False
ingreso_mediano_hogar_hkd_2025,paradas_por_km2,Ingreso mediano hogar 2025,Paradas por km²,-0.1785,0.47847,-0.2509,0.31526,18,False
pct_titulo_universitario_15_mas,dist_media_hospital_km,% con título universitario,Dist. media a urgencias (km),-0.1667,0.50841,-0.1435,0.56993,18,False
ingreso_mediano_mensual_empleo_hkd_2021,paradas_por_km2,Ingreso mediano por empleo 2021,Paradas por km²,-0.1651,0.51268,-0.1238,0.62463,18,False
pct_65_mas,paradas_por_10k_hab,% 65+ años,Paradas por 10k hab.,-0.1644,0.51442,-0.4035,0.09681,18,False
pct_65_mas,ingreso_mediano_hogar_hkd_2025,% 65+ años,Ingreso mediano hogar 2025,-0.1622,0.5202,-0.2168,0.38746,18,False
pct_0_14,ingreso_mediano_mensual_empleo_hkd_2021,% 0-14 años,Ingreso mediano por empleo 2021,0.1583,0.53043,0.1762,0.48427,18,False
edad_mediana,tamano_medio_hogar,Edad mediana,Tamaño medio del hogar,0.1569,0.53415,0.1004,0.69191,18,False
densidad_hab_km2,var_ingreso_2016_2025_pct,Densidad (hab/km²),Var. ingreso 2016-2025,-0.1526,0.54557,-0.1549,0.53945,18,False
pct_0_14,paradas_por_km2,% 0-14 años,Paradas por km²,-0.1526,0.54553,-0.2487,0.31965,18,False
densidad_hab_km2,pct_vivienda_privada,Densidad (hab/km²),% vivienda privada,-0.1379,0.58529,-0.1166,0.64493,18,False
pct_nacida_en_hk,ingreso_mediano_hogar_hkd_2025,% nacida en HK,Ingreso mediano hogar 2025,-0.1363,0.58981,-0.0124,0.96108,18,False
var_pob_2016_2025_pct,paradas_por_10k_hab,Var. población 2016-2025,Paradas por 10k hab.,-0.1354,0.59209,-0.0464,0.85481,18,False
densidad_hab_km2,pct_titulo_universitario_15_mas,Densidad (hab/km²),% con título universitario,-0.1284,0.61161,-0.0836,0.74158,18,False
pct_vivienda_privada,paradas_por_km2,% vivienda privada,Paradas por km²,0.1267,0.61643,0.0588,0.81665,18,False
tasa_participacion_laboral_pct_2025,dist_media_hospital_km,Participación laboral 2025,Dist. media a urgencias (km),-0.124,0.62399,-0.1023,0.68619,18,False
paradas_por_10k_hab,dist_media_hospital_km,Paradas por 10k hab.,Dist. media a urgencias (km),-0.1239,0.62433,-0.032,0.89967,18,False
pct_0_14,pct_nacida_en_hk,% 0-14 años,% nacida en HK,-0.1236,0.62509,-0.0382,0.88043,18,False
tamano_medio_hogar,var_pob_2016_2025_pct,Tamaño medio del hogar,Var. población 2016-2025,0.1221,0.62938,0.1311,0.60401,18,False
pct_0_14,pct_titulo_universitario_15_mas,% 0-14 años,% con título universitario,0.1212,0.63189,0.257,0.30331,18,False
tamano_medio_hogar,tasa_participacion_laboral_pct_2025,Tamaño medio del hogar,Participación laboral 2025,-0.1209,0.63273,-0.0656,0.79583,18,False
pct_nacida_en_hk,ingreso_mediano_mensual_empleo_hkd_2021,% nacida en HK,Ingreso mediano por empleo 2021,-0.1082,0.6691,-0.1353,0.59242,18,False
pct_65_mas,tamano_medio_hogar,% 65+ años,Tamaño medio del hogar,-0.1077,0.67059,-0.0608,0.8107,18,False
tamano_medio_hogar,pct_titulo_universitario_15_mas,Tamaño medio del hogar,% con título universitario,-0.1042,0.6806,0.0053,0.98325,18,False
tamano_medio_hogar,ingreso_mediano_mensual_empleo_hkd_2021,Tamaño medio del hogar,Ingreso mediano por empleo 2021,0.1027,0.68513,0.1615,0.52216,18,False
pct_titulo_universitario_15_mas,paradas_por_km2,% con título universitario,Paradas por km²,0.0941,0.7103,0.0774,0.76017,18,False
paradas_por_10k_hab,paradas_por_km2,Paradas por 10k hab.,Paradas por km²,0.0934,0.71243,-0.0691,0.78515,18,False
ingreso_mediano_mensual_empleo_hkd_2021,dist_media_hospital_km,Ingreso mediano por empleo 2021,Dist. media a urgencias (km),-0.0917,0.71758,-0.0121,0.96209,18,False
tamano_medio_hogar,pct_vivienda_publica_alquiler,Tamaño medio del hogar,% vivienda pública de alquiler,0.0873,0.73039,0.0384,0.87982,18,False
pct_vivienda_publica_alquiler,dist_media_hospital_km,% vivienda pública de alquiler,Dist. media a urgencias (km),0.0845,0.73872,0.094,0.71076,18,False
pct_vivienda_publica_alquiler,paradas_por_km2,% vivienda pública de alquiler,Paradas por km²,0.0841,0.74,0.0547,0.82933,18,False
pct_65_mas,pct_titulo_universitario_15_mas,% 65+ años,% con título universitario,-0.0808,0.74991,-0.2343,0.34945,18,False
pct_0_14,paradas_por_10k_hab,% 0-14 años,Paradas por 10k hab.,0.0796,0.75345,0.1847,0.46306,18,False
tasa_participacion_laboral_pct_2025,paradas_por_km2,Participación laboral 2025,Paradas por km²,-0.0734,0.77215,-0.1074,0.67133,18,False
pct_65_mas,pct_nacida_en_hk,% 65+ años,% nacida en HK,-0.0635,0.80231,-0.0506,0.84206,18,False
var_ingreso_2016_2025_pct,dist_media_hospital_km,Var. ingreso 2016-2025,Dist. media a urgencias (km),-0.0584,0.81783,-0.0754,0.76616,18,False
edad_mediana,dist_media_hospital_km,Edad mediana,Dist. media a urgencias (km),0.0382,0.88025,0.09,0.72257,18,False
pct_0_14,ingreso_mediano_hogar_hkd_2025,% 0-14 años,Ingreso mediano hogar 2025,0.0343,0.89255,0.0661,0.79446,18,False
pct_nacida_en_hk,pct_vivienda_publica_alquiler,% nacida en HK,% vivienda pública de alquiler,0.0327,0.89744,0.1022,0.68666,18,False
ingreso_mediano_hogar_hkd_2025,dist_media_hospital_km,Ingreso mediano hogar 2025,Dist. media a urgencias (km),0.0291,0.90864,0.2149,0.39185,18,False
pct_0_14,dist_media_hospital_km,% 0-14 años,Dist. media a urgencias (km),0.0199,0.93749,-0.0052,0.98378,18,False
tasa_participacion_laboral_pct_2025,var_pob_2016_2025_pct,Participación laboral 2025,Var. población 2016-2025,0.0138,0.95678,-0.1498,0.55301,18,False
pct_0_14,tamano_medio_hogar,% 0-14 años,Tamaño medio del hogar,-0.0044,0.98621,0.0554,0.82705,18,False
