anio,pib_per_capita_usd_corrientes,pib_per_capita_usd_constantes_2015,inflacion_ipc_pct,crecimiento_real_pib_pc_pct
2000,25756.7728723704,26933.2130754703,-3.68550368550369,
2001,25230.3780910304,26885.4053275596,-1.65816326530609,-0.18
2002,24665.8362318216,27210.0502364654,-2.98313878080415,1.21
2003,23977.1734120477,28097.0971397308,-2.67379679144394,3.26
2004,24928.1003722551,30304.2901619598,-0.274725274725253,7.86
2005,26649.637724155,32401.3558626573,0.826446280991827,6.92
2006,28224.0951563146,34458.0032348089,2.00025160397534,6.35
2007,30593.9511738646,36371.6434233987,2.03502713369511,5.55
2008,31515.5292103443,36924.0529643897,4.30315484104921,1.52
2009,30697.5383861641,35938.578391742,0.579441418472608,-2.67
2010,32550.136489179,38090.0154420129,2.29289088604673,5.99
2011,35142.4879344543,39656.3184510131,5.3052489299392,4.11
2012,36730.796195815,39887.8192650568,4.05390950903844,0.58
2013,38403.7777145477,40959.9776349249,4.33799342105267,2.69
2014,40315.3739510191,41796.8593150091,4.42364532019699,2.04
2015,42432.1619740441,42432.1619740441,2.99084819322581,1.52
2016,43734.1980702999,43087.5537128127,2.40930743862224,1.54
2017,46160.429791493,44380.8176753147,1.49387243939522,3.0
2018,48537.5668888343,45280.4971892076,2.40613432046534,2.03
2019,48359.0011950597,44195.2741142906,2.88320853773996,-2.4
2020,46109.2299946609,41451.2989586282,0.2509620210808,-6.21
2021,49770.5642374739,44530.9213833761,1.56875834445922,7.43
2022,48825.0272275805,43281.0067309646,1.88136707196853,-2.81
2023,50525.1119312663,43518.9311789918,2.09660511249089,0.55
2024,54274.7547767073,44734.4365296835,1.72972119105914,2.79
2025,56983.0663059906,46450.1893260301,1.43633540372673,3.84
