anio,codigo,ingreso_mediano_hogar_hkd,tasa_participacion_laboral_pct
2016,A,39500,64.3
2016,B,40000,65.3
2016,C,31300,61.9
2016,D,30700,63.3
2016,E,25800,62.6
2016,F,20600,60.6
2016,G,26900,62.1
2016,H,22000,59.2
2016,J,20800,59.3
2016,S,21200,60.6
2016,K,29200,62.8
2016,L,22500,61.4
2016,M,22800,59.2
2016,N,21500,58.8
2016,P,26200,60.6
2016,R,26800,59.8
2016,Q,31500,62.6
2016,T,28900,61.6
2017,A,41700,65.2
2017,B,40600,64.4
2017,C,32300,61.5
2017,D,31900,63.3
2017,E,28800,62.9
2017,F,22000,61.2
2017,G,27600,61.0
2017,H,22700,58.9
2017,J,21300,59.2
2017,S,23100,59.9
2017,K,29700,63.6
2017,L,24000,61.5
2017,M,24500,60.1
2017,N,23500,58.2
2017,P,28300,60.3
2017,R,28000,60.4
2017,Q,33600,63.2
2017,T,30000,62.6
2018,A,41800,62.8
2018,B,42500,64.1
2018,C,33300,62.2
2018,D,34800,64.5
2018,E,28000,62.8
2018,F,23500,61.2
2018,G,30000,62.0
2018,H,24300,59.5
2018,J,22200,58.1
2018,S,25000,60.5
2018,K,31500,62.5
2018,L,25000,61.6
2018,M,26200,61.0
2018,N,25000,59.1
2018,P,31000,62.1
2018,R,29900,59.8
2018,Q,36200,62.7
2018,T,31500,64.9
2019,A,42000,63.0
2019,B,44500,62.7
2019,C,34900,61.8
2019,D,33200,63.5
2019,E,30000,62.7
2019,F,25000,61.3
2019,G,30400,62.4
2019,H,26000,59.6
2019,J,23000,58.2
2019,S,25000,59.2
2019,K,33000,62.1
2019,L,25000,59.7
2019,M,27300,59.8
2019,N,26000,58.0
2019,P,30700,59.9
2019,R,30000,59.7
2019,Q,37000,63.1
2019,T,28700,61.3
2020,A,41200,63.6
2020,B,40000,63.5
2020,C,32200,61.3
2020,D,32100,62.8
2020,E,28000,61.5
2020,F,23500,59.0
2020,G,30000,60.1
2020,H,24300,57.7
2020,J,22000,56.9
2020,S,24300,58.2
2020,K,30000,60.7
2020,L,24700,59.7
2020,M,25000,59.1
2020,N,25000,56.9
2020,P,29500,59.9
2020,R,28400,58.9
2020,Q,35600,62.3
2020,T,26100,59.7
2021,A,42000,65.4
2021,B,40400,63.4
2021,C,31500,58.2
2021,D,33000,61.2
2021,E,27900,63.4
2021,F,22000,57.9
2021,G,29700,60.1
2021,H,23300,56.3
2021,J,22200,55.8
2021,S,23300,56.9
2021,K,31800,61.6
2021,L,25400,59.8
2021,M,27000,60.4
2021,N,23300,56.6
2021,P,30000,60.3
2021,R,27100,58.3
2021,Q,37200,62.1
2021,T,28800,62.0
2022,A,42300,61.5
2022,B,41800,61.9
2022,C,31500,57.3
2022,D,34200,59.3
2022,E,29000,62.1
2022,F,22800,57.3
2022,G,30000,58.8
2022,H,24400,55.7
2022,J,22100,55.1
2022,S,24300,55.4
2022,K,32300,59.6
2022,L,25800,57.0
2022,M,28900,59.8
2022,N,24400,57.4
2022,P,30200,58.6
2022,R,29700,57.3
2022,Q,40000,62.3
2022,T,29400,60.1
2023,A,42600,62.2
2023,B,40500,61.3
2023,C,33800,57.2
2023,D,36000,59.5
2023,E,30700,60.6
2023,F,24100,56.6
2023,G,30700,57.1
2023,H,25100,54.4
2023,J,24000,54.3
2023,S,26000,55.1
2023,K,34400,58.2
2023,L,26500,57.2
2023,M,30100,58.8
2023,N,25500,54.5
2023,P,31700,56.6
2023,R,30500,56.0
2023,Q,40400,61.2
2023,T,31500,59.6
2024,A,42400,59.8
2024,B,40800,60.0
2024,C,32500,55.2
2024,D,36000,58.1
2024,E,29000,59.7
2024,F,24500,56.2
2024,G,31100,57.3
2024,H,25600,54.5
2024,J,24200,54.3
2024,S,25500,54.4
2024,K,34200,59.2
2024,L,26200,56.9
2024,M,30000,58.5
2024,N,25800,55.8
2024,P,31300,57.2
2024,R,31000,55.7
2024,Q,41200,60.5
2024,T,31000,60.8
2025,A,45000,60.1
2025,B,43300,62.7
2025,C,33400,56.3
2025,D,36000,58.7
2025,E,30300,61.6
2025,F,25000,57.1
2025,G,31300,57.6
2025,H,25600,52.7
2025,J,24900,53.7
2025,S,25700,53.5
2025,K,34200,58.6
2025,L,27400,56.3
2025,M,30000,58.5
2025,N,26200,55.4
2025,P,30700,57.3
2025,R,31800,55.4
2025,Q,40600,60.6
2025,T,31800,61.4
