periodo,delitos_totales,delitos_violentos,pct_violentos
2022-01,5815,775,13.33
2022-02,3297,464,14.07
2022-03,4775,604,12.65
2022-04,5513,655,11.88
2022-05,6050,779,12.88
2022-06,6026,812,13.47
2022-07,5925,816,13.77
2022-08,6062,799,13.18
2022-09,6515,767,11.77
2022-10,6925,825,11.91
2022-11,6722,797,11.86
2022-12,6558,755,11.51
2023-01,6345,678,10.69
2023-02,6587,715,10.85
2023-03,7678,861,11.21
2023-04,7327,764,10.43
2023-05,7952,859,10.8
2023-06,7127,888,12.46
2023-07,7308,851,11.64
2023-08,8222,885,10.76
2023-09,8365,941,11.25
2023-10,8876,940,10.59
2023-11,7880,898,11.4
2023-12,7122,873,12.26
2024-01,7681,863,11.24
2024-02,5689,673,11.83
2024-03,8051,877,10.89
2024-04,7391,906,12.26
2024-05,8154,918,11.26
2024-06,8393,919,10.95
2024-07,8879,922,10.38
2024-08,8398,870,10.36
2024-09,7446,901,12.1
2024-10,8641,994,11.5
2024-11,8118,864,10.64
2024-12,8107,786,9.7
