tema,consulta,titular,url,fuente,distritos_mencionados,puntaje_tono,tono,fecha_captura,metodo_tono
vivienda,Hong Kong housing news October 2026,Hong Kong home prices rise,https://finance.yahoo.com/news/hong-kong-home-prices-rise-093000178.html,finance.yahoo.com,,1,positivo,2026-10-06,lexico_heuristico_v1
vivienda,Hong Kong housing news October 2026,Housing Society to launch over 4000 units as subsidized supply expands,https://www.thestandard.com.hk/news/article/325752/Housing-Society-to-launch-over-4000-units-as-subsidized-supply-expands,thestandard.com.hk,,2,positivo,2026-10-06,lexico_heuristico_v1
vivienda,Hong Kong housing news October 2026,Hong Kong land sale scheme to offer 9 residential sites to developers in 2026-27,https://www.scmp.com/news/hong-kong/society/article/3344926/hong-kong-land-sale-scheme-offer-9-residential-sites-developers-2026-27,scmp.com,,0,neutral,2026-10-06,lexico_heuristico_v1
vivienda,Hong Kong housing news October 2026,Citi lifts home price growth forecast to 12pc in 2026,https://www.thestandard.com.hk/property/article/337815/Citi-lifts-home-price-growth-forecast-to-12pc-in-2026,thestandard.com.hk,,2,positivo,2026-10-06,lexico_heuristico_v1
vivienda,Hong Kong housing news October 2026,Hong Kong home prices rise in 2026 backed by mainland Chinese buyers and rate cut,https://www.scmp.com/business/article/3335944/hong-kong-home-prices-rise-2026-back-mainland-chinese-buyers-rate-cut,scmp.com,,1,positivo,2026-10-06,lexico_heuristico_v1
vivienda,Hong Kong housing news October 2026,Hong Kong home price rally set to cool after strongest first half in 7 years: analysts,https://www.scmp.com/business/markets/article/3362453/hong-kong-home-price-rally-set-cool-after-strongest-first-half-7-years-analysts,scmp.com,,-1,negativo,2026-10-06,lexico_heuristico_v1
comercio,Hong Kong retail sales economy news September 2026,HK's retail sales rise 5.6 percent in August growing for 16th consecutive month,https://www.thestandard.com.hk/finance/article/344448/HKs-retail-sales-rise-56-percent-in-August-growing-for-16th-consecutive-month,thestandard.com.hk,,2,positivo,2026-10-06,lexico_heuristico_v1
comercio,Hong Kong retail sales economy news September 2026,Hong Kong Retail Sales at 11-Month Low,https://tradingeconomics.com/hong-kong/retail-sales-annual/news/572478,tradingeconomics.com,,-1,negativo,2026-10-06,lexico_heuristico_v1
comercio,Hong Kong retail sales economy news September 2026,Hong Kong prime street shop rents to grow by up to 10% in 2026,https://realestateasia.com/indonesian/node/514604195,realestateasia.com,,1,positivo,2026-10-06,lexico_heuristico_v1
comercio,Hong Kong retail sales economy news September 2026,Hong Kong retail sales continue to grow but at a slower pace,https://insideretail.asia/2026/08/05/hong-kong-retail-sales-continue-to-grow-but-at-a-slower-pace/,insideretail.asia,,1,positivo,2026-10-06,lexico_heuristico_v1
transporte,Hong Kong MTR transport news 2026,MTR adds eight car trains to the Island Line,https://www.thestandard.com.hk/breaking-news/section/4/212592/MTR-adds-eight-car-trains-to-the-Island-Line,thestandard.com.hk,A|B|C,1,positivo,2026-10-06,lexico_heuristico_v1
transporte,Hong Kong MTR transport news 2026,Lawmaker suggests East Kowloon mass transit system alignment to cover Tsz Wan Shan and Chuk Yuen,https://www.thestandard.com.hk/news/article/212528/Lawmaker-suggests-East-Kowloon-mass-transit-system-alignment-to-cover-Tsz-Wan-Shan-and-Chuk-Yuen,thestandard.com.hk,H|J,0,neutral,2026-10-06,lexico_heuristico_v1
transporte,Hong Kong MTR transport news 2026,MTR extends Mid Autumn Festival services into early hours as trams and buses boost frequency,https://www.thestandard.com.hk/news/article/343861/MTR-extends-Mid-Autumn-Festival-services-into-early-hours-as-trams-and-buses-boost-frequency,thestandard.com.hk,,1,positivo,2026-10-06,lexico_heuristico_v1
transporte,Hong Kong MTR transport news 2026,2026 Budget: MTR expansion to Shenzhen fully operational by 2035,https://tyr-jour.hkbu.edu.hk/2026/02/25/2026-budget-mtr-expansion-to-shenzhen-fully-operational-by-2035-to-enhance-cross-border-transportation/,tyr-jour.hkbu.edu.hk,,0,neutral,2026-10-06,lexico_heuristico_v1
transporte,Hong Kong MTR transport news 2026,Policy Address 2025: Kwu Tung and Hung Shui Kiu MTR Stations to open by 2034,https://www.thestandard.com.hk/hong-kong-news/article/311751/Policy-Address-2025-Kwu-Tung-Hung-Shui-Kiu-MTR-Stations-to-open-by-2034,thestandard.com.hk,M|N,1,positivo,2026-10-06,lexico_heuristico_v1
transporte,Hong Kong MTR transport news 2026,Hong Kong high speed rail tops 16 million journeys,https://www.railway.supply/hong-kong-high-speed-rail-tops-16-million-journeys/,railway.supply,,1,positivo,2026-10-06,lexico_heuristico_v1
transporte,Hong Kong MTR transport news 2026,MTR Tuen Ma Line service gradually resuming after disrupted by faulty train,https://www.thestandard.com.hk/news/article/308404/MTR-Tuen-Ma-Line-service-gradually-resuming-after-disrupted-by-faulty-train,thestandard.com.hk,L|M|R,-1,negativo,2026-10-06,lexico_heuristico_v1
desarrollo,Hong Kong Northern Metropolis Yuen Long North district news 2026,Team up to bear 1800 flats in Northern Metropolis,"https://www.thestandard.com.hk/section-news/section/4/259071/Team-up-to-bear-1,800-flats-in-Northern-Metropolis",thestandard.com.hk,M|N,0,neutral,2026-10-06,lexico_heuristico_v1
desarrollo,Hong Kong Northern Metropolis Yuen Long North district news 2026,NWD fully supports govt's PA and Five-year Plan with confidence in Northern Metropolis,https://www.thestandard.com.hk/property/article/342997/NWD-fully-supports-govts-PA-and-Five-year-Plan-with-confidence-in-Northern-Metropolis,thestandard.com.hk,M|N,2,positivo,2026-10-06,lexico_heuristico_v1
desarrollo,Hong Kong Northern Metropolis Yuen Long North district news 2026,Northern Metropolis projects (CEDD),https://www.cedd.gov.hk/eng/our-projects/northern-metropolis/index.html,cedd.gov.hk,M|N,0,neutral,2026-10-06,lexico_heuristico_v1
ambiente,Hong Kong air pollution weather typhoon news September 2026,HK sees record number of tropical cyclone warnings this year,https://www.thestandard.com.hk/hong-kong-news/article/310329/HK-sees-record-number-of-tropical-cyclone-warnings-this-year,thestandard.com.hk,,0,neutral,2026-10-06,lexico_heuristico_v1
ambiente,Hong Kong air pollution weather typhoon news September 2026,Weekend showers and cooler weather ahead Observatory says,https://www.thestandard.com.hk/news/article/331414/Weekend-showers-and-cooler-weather-ahead-Observatory-says,thestandard.com.hk,,0,neutral,2026-10-06,lexico_heuristico_v1
turismo,Hong Kong tourism visitors arrivals 2026 news,Hong Kong sees 13pc surge in visitor arrivals in first half of 2026 reaching 26.71m,https://www.thestandard.com.hk/news/article/337442/Hong-Kong-sees-13pc-surge-in-visitor-arrivals-in-first-half-of-2026-reaching-2671m,thestandard.com.hk,,1,positivo,2026-10-06,lexico_heuristico_v1
turismo,Hong Kong tourism visitors arrivals 2026 news,Hong Kong visitor arrivals rise in first quarter of 2026,https://www.ttgasia.com/2026/04/16/hong-kong-visitor-arrivals-rise-in-first-quarter-of-2026/,ttgasia.com,,1,positivo,2026-10-06,lexico_heuristico_v1
turismo,Hong Kong tourism visitors arrivals 2026 news,Tourist arrivals in Hong Kong jump 13% to 26.7 million in first half of year,https://www.scmp.com/news/hong-kong/hong-kong-economy/article/3359866/tourist-arrivals-hong-kong-jump-13-267-million-first-half-year,scmp.com,,1,positivo,2026-10-06,lexico_heuristico_v1
turismo,Hong Kong tourism visitors arrivals 2026 news,Hong Kong Tourist Arrival Jumps 15% In First 4 Months,https://www.businesstoday.com.my/2026/05/16/hong-kong-tourist-arrival-jumps-15-in-first-4-months/,businesstoday.com.my,,1,positivo,2026-10-06,lexico_heuristico_v1
vivienda,Sham Shui Po subdivided units news 2026,First members-only community living room to open in Sham Shui Po,https://www.thestandard.com.hk/breaking-news/article/209683/First-members-only-community-living-room-to-open-in-Sham-Shui-Po,thestandard.com.hk,F,1,positivo,2026-10-06,lexico_heuristico_v1
vivienda,Sham Shui Po subdivided units news 2026,Housing Bureau defends income and asset caps for public flats as lawmakers push for review,https://www.thestandard.com.hk/news/article/326818/Housing-Bureau-defends-income-and-asset-caps-for-public-flats-as-lawmakers-push-for-review,thestandard.com.hk,,-1,negativo,2026-10-06,lexico_heuristico_v1
vivienda,Sham Shui Po subdivided units news 2026,Sham Shui Po needs more community living rooms (RTHK),https://news.rthk.hk/rthk/en/component/k2/1811434-20250701.htm,news.rthk.hk,F,0,neutral,2026-10-06,lexico_heuristico_v1
salud,Hong Kong hospital authority healthcare news 2026,Hospital Authority welcomes 2026-27 Budget,https://www.info.gov.hk/gia/general/202602/25/P2026022500582p.htm,info.gov.hk,,1,positivo,2026-10-06,lexico_heuristico_v1
salud,Hong Kong hospital authority healthcare news 2026,HK's largest public hospital in Kai Tak to commence service in October,https://news.tvb.com/tc/1162273-HK'slargestpublichospitalinKaiTaktocommenceserviceinOctober,news.tvb.com,G,0,neutral,2026-10-06,lexico_heuristico_v1
salud,Hong Kong hospital authority healthcare news 2026,Hong Kong highlights innovation and Greater Bay Area collaboration at Hospital Authority Convention 2026,https://opengovasia.com/hong-kong-highlights-innovation-and-greater-bay-area-collaboration-at-hospital-authority-convention-2026/,opengovasia.com,,1,positivo,2026-10-06,lexico_heuristico_v1
