codigo,distrito_en,distrito_zh,distrito_es,region,poblacion_2021,hogares_2021,tamano_medio_hogar,edad_mediana,razon_sexos_hombres_por_1000_mujeres,pob_0_14,pob_15_24,pob_25_44,pob_45_64,pob_65_mas,pct_0_14,pct_15_24,pct_25_44,pct_45_64,pct_65_mas,indice_envejecimiento,pob_15_mas_con_titulo_universitario,pct_titulo_universitario_15_mas,pob_nacida_en_hk,pct_nacida_en_hk,pob_vivienda_publica_alquiler,pob_vivienda_subsidiada_venta,pob_vivienda_privada,pob_vivienda_temporal,pob_no_domestica,pct_vivienda_publica_alquiler,pct_vivienda_subsidiada_venta,pct_vivienda_privada,densidad_hab_km2,poblacion_2025,var_pob_2016_2025_pct,ingreso_mediano_hogar_hkd_2021,ingreso_mediano_hogar_econ_activo_hkd_2021,ingreso_mediano_mensual_empleo_hkd_2021,tasa_participacion_laboral_pct_2021,fuerza_laboral_2021,poblacion_ocupada_2021,tasa_ocupacion_sobre_fuerza_laboral_pct,ingreso_mediano_hogar_hkd_2025,tasa_participacion_laboral_pct_2025,var_ingreso_2016_2025_pct,indice_ingreso_vs_mediana_distritos,paradas_transporte,paradas_bus,paradas_minibus,paradas_metro_mtr,paradas_tren_ligero,paradas_ferry,hospitales_urgencias,rutas_distintas,paradas_por_km2,paradas_por_10k_hab,hab_por_hospital_urgencias,dist_media_hospital_km,estaciones_meteorologicas,estaciones_calidad_aire,aqhi_ultimo,menciones_noticias,area_km2_oficial,centro_lat,centro_lon,n_circunscripciones,cluster,tipologia,indice_prosperidad,indice_conectividad,indice_presion_demografica,rank_poblacion_2021,rank_ingreso_mediano_hogar_hkd_2025,rank_densidad_hab_km2,rank_pct_65_mas,rank_paradas_por_10k_hab
A,Central and Western,中西區,Centro y Oeste,Isla de Hong Kong,235953,88922,2.6,44.8,714,24382,16779,77767,71534,45491,10.33,7.11,32.96,30.32,19.28,186.6,89251,42.18,126335,53.54,8194,0,222924,138,4697,3.47,0.0,94.48,18801.0,231900,-4.69,45040,57350,21250,65.3,138216,132881,96.14,45000,60.1,13.92,145.2,676,664,198,7,0,5,0,333,53.86,28.65,,2.23,4,2,2.0,1,12.55,22.274851,114.148691,15,2,Centro financiero de ingreso alto,100.0,54.9,38.1,16,1,8,11,2
B,Wan Chai,灣仔區,Wan Chai,Isla de Hong Kong,166695,63128,2.6,46.0,673,16917,9907,53860,50632,35379,10.15,5.94,32.31,30.37,21.22,209.1,63545,42.43,91997,55.19,6221,0,158726,116,1632,3.73,0.0,95.22,15667.0,163000,-9.49,45000,60070,21000,64.0,95914,92238,96.17,43300,62.7,8.25,139.7,627,623,160,4,0,0,1,347,58.93,37.61,166695.0,1.38,1,1,,1,10.64,22.273943,114.186257,13,2,Centro financiero de ingreso alto,96.0,100.0,40.5,18,2,9,6,1
C,Eastern,東區,Este,Isla de Hong Kong,529603,188706,2.8,49.0,789,51517,36336,143911,174132,123707,9.73,6.86,27.17,32.88,23.36,240.1,137565,28.77,339003,64.01,105260,83062,337695,529,3057,19.88,15.68,63.76,29211.0,508000,-8.47,32000,41900,19000,58.9,281513,266089,94.52,33400,56.3,6.71,107.7,845,835,267,8,0,2,1,207,46.61,15.96,529603.0,2.04,4,1,3.0,1,18.13,22.273014,114.218647,35,0,Núcleo urbano denso de clase media,44.6,27.1,65.2,4,6,6,1,16
D,Southern,南區,Sur,Isla de Hong Kong,263278,86479,2.9,48.1,791,27255,18842,72397,87976,56808,10.35,7.16,27.5,33.42,21.58,208.4,60709,25.72,174132,66.14,71165,43538,139455,2033,7087,27.03,16.54,52.97,6682.0,259500,-5.64,32440,40110,17000,60.1,141885,134977,95.13,36000,58.7,17.26,116.1,626,622,266,4,0,0,1,162,15.89,23.78,263278.0,3.46,4,1,3.0,0,39.4,22.234968,114.20794,17,1,Suburbano de baja densidad,45.7,10.4,30.0,15,4,11,5,7
E,Yau Tsim Mong,油尖旺區,Yau Tsim Mong,Kowloon,310647,123707,2.5,44.0,808,36181,23224,100877,94797,55568,11.65,7.48,32.47,30.52,17.89,153.6,78905,28.75,163247,52.55,9269,12138,277867,1811,9562,2.98,3.91,89.45,44442.0,301600,-12.07,26080,33550,18000,63.7,174774,162705,93.09,30300,61.6,17.44,97.7,858,847,224,11,0,0,2,492,122.75,27.62,155324.0,0.89,3,1,,0,6.99,22.307382,114.165464,20,0,Núcleo urbano denso de clase media,36.4,86.9,66.8,13,11,3,15,3
F,Sham Shui Po,深水埗區,Sham Shui Po,Kowloon,431090,165439,2.5,46.2,848,49337,35476,123081,135261,87935,11.44,8.23,28.55,31.38,20.4,178.2,79270,20.76,239714,55.61,162079,35878,225225,2106,5802,37.6,8.32,52.25,46057.0,437700,7.83,21490,28540,16000,58.1,221796,204073,92.01,25000,57.1,21.36,80.6,710,704,194,6,0,0,1,262,75.85,16.47,431090.0,1.24,1,1,2.0,2,9.36,22.331221,114.172183,25,3,Núcleo denso de vivienda pública e ingreso bajo,7.6,49.1,77.2,8,17,2,7,14
G,Kowloon City,九龍城區,Ciudad de Kowloon,Kowloon,410634,147023,2.7,45.4,777,50327,31113,121174,125562,82458,12.26,7.58,29.51,30.58,20.08,163.8,108320,30.06,239256,58.27,88101,10842,306163,807,4721,21.45,2.64,74.56,40981.0,427900,2.2,30010,38670,18000,60.4,217531,203964,93.76,31300,57.6,16.36,101.0,886,876,318,6,0,4,0,291,88.42,21.58,,1.77,3,0,,1,10.02,22.321705,114.188679,25,0,Núcleo urbano denso de clase media,41.4,48.6,69.6,9,9,5,8,10
H,Wong Tai Sin,黃大仙區,Wong Tai Sin,Kowloon,406802,147085,2.7,50.1,855,36271,33463,103363,140294,93411,8.92,8.23,25.41,34.49,22.96,257.5,61551,16.61,249454,61.32,199740,125963,76904,604,3591,49.1,30.96,18.9,43742.0,405800,-4.56,23520,30140,16000,56.4,209093,192614,92.12,25600,52.7,16.36,82.6,627,623,248,4,0,0,0,280,67.42,15.41,,3.03,2,0,,1,9.3,22.344315,114.212624,25,3,Núcleo denso de vivienda pública e ingreso bajo,1.5,0.0,82.7,10,16,4,2,18
J,Kwun Tong,觀塘區,Kwun Tong,Kowloon,673166,247592,2.7,48.0,865,70063,60321,174338,220703,147741,10.41,8.96,25.9,32.79,21.95,210.9,101470,16.82,381613,56.69,387749,94561,182932,859,7065,57.6,14.05,27.17,59678.0,669700,3.27,22000,29240,16000,56.4,339904,312937,92.07,24900,53.7,19.71,80.3,1335,1329,580,5,0,1,1,409,118.35,19.83,673166.0,1.45,1,1,2.0,1,11.28,22.308656,114.22408,40,3,Núcleo denso de vivienda pública e ingreso bajo,0.0,52.4,100.0,2,18,1,4,11
K,Tsuen Wan,荃灣區,Tsuen Wan,Nuevos Territorios,320094,114009,2.8,45.4,843,37873,24515,95270,104390,58046,11.83,7.66,29.76,32.61,18.13,153.3,75736,26.84,205194,64.1,59565,5169,247307,2707,5346,18.61,1.61,77.26,5112.0,302600,-5.11,32040,40050,20000,61.3,172888,163147,94.37,34200,58.6,17.12,110.3,612,607,156,5,0,0,1,288,9.77,19.12,320094.0,2.33,3,1,2.0,0,62.62,22.365015,114.066706,19,1,Suburbano de baja densidad,43.1,27.7,16.6,11,5,13,13,12
L,Tuen Mun,屯門區,Tuen Mun,Nuevos Territorios,506879,187202,2.6,46.1,902,54136,38535,152609,163644,97955,10.68,7.6,30.11,32.28,19.33,180.9,79104,17.47,347527,68.56,142075,113077,236829,7416,7482,28.03,22.31,46.72,5790.0,548400,12.08,25040,31300,17500,58.7,265678,247419,93.13,27400,56.3,21.78,88.4,1234,1176,190,2,55,1,1,179,14.1,24.35,506879.0,2.29,6,1,3.0,1,87.54,22.378875,113.918795,31,1,Suburbano de baja densidad,7.8,42.2,21.4,5,13,12,10,6
M,Yuen Long,元朗區,Yuen Long,Nuevos Territorios,668080,234338,2.8,43.7,887,77199,58988,211376,220151,100366,11.56,8.83,31.64,32.95,15.02,130.0,116916,19.79,434247,65.0,191056,81896,375243,16408,3477,28.6,12.26,56.17,4822.0,680500,10.79,27560,33170,17800,60.8,359362,332587,92.55,30000,58.5,31.58,96.8,1446,1416,405,5,25,0,2,199,10.44,21.64,334040.0,1.85,8,1,2.0,5,138.56,22.457067,114.060526,39,1,Suburbano de baja densidad,18.9,46.6,5.9,3,12,14,17,9
N,North,北區,Norte,Nuevos Territorios,309631,111433,2.7,46.3,885,33499,27654,88314,104607,55557,10.82,8.93,28.52,33.78,17.94,165.8,48482,17.56,200044,64.61,64805,81157,145426,15358,2885,20.93,26.21,46.97,2268.0,341600,8.34,23580,30270,16000,57.8,159707,146416,91.68,26200,55.4,21.86,84.5,683,680,248,3,0,0,1,135,5.0,22.06,309631.0,3.37,6,1,3.0,4,136.51,22.517135,114.21358,18,1,Suburbano de baja densidad,4.8,8.3,12.3,14,14,16,14,8
P,Tai Po,大埔區,Tai Po,Nuevos Territorios,316470,110747,2.8,45.7,857,34377,23198,97583,102810,58502,10.86,7.33,30.83,32.49,18.49,170.2,67502,23.93,215798,68.19,40869,76423,191958,4102,3118,12.91,24.15,60.66,2136.0,329900,8.56,30000,37540,18000,59.9,168898,157836,93.45,30700,57.3,17.18,99.0,780,778,288,2,0,0,1,180,5.26,24.65,316470.0,3.46,11,2,2.0,0,148.19,22.480836,114.327091,19,1,Suburbano de baja densidad,28.5,12.7,13.9,12,10,17,12,5
Q,Sai Kung,西貢區,Sai Kung,Nuevos Territorios,489037,167771,2.9,44.7,839,56329,39744,150700,164991,77273,11.52,8.13,30.82,33.74,15.8,137.2,128362,29.66,318044,65.03,82037,134865,266736,1168,4231,16.78,27.58,54.54,3587.0,504500,9.22,37840,44760,20000,64.2,277603,262126,94.42,40600,60.6,28.89,131.0,762,757,299,5,0,0,1,155,5.59,15.58,489037.0,2.6,8,1,2.0,0,136.34,22.307422,114.415828,29,1,Suburbano de baja densidad,65.2,11.6,6.9,7,3,15,16,17
R,Sha Tin,沙田區,Sha Tin,Nuevos Territorios,692806,246425,2.8,46.2,848,78886,53696,201135,220604,138485,11.39,7.75,29.03,31.84,19.99,175.6,154778,25.21,453024,65.39,210197,172809,301173,2094,6533,30.34,24.94,43.47,10002.0,692400,4.94,28870,36170,18500,59.2,363268,340605,93.76,31800,55.4,18.66,102.6,1317,1304,424,13,0,0,1,351,19.01,19.01,692806.0,3.0,1,1,2.0,1,69.27,22.391564,114.223624,41,1,Suburbano de baja densidad,33.7,10.1,29.1,1,7,10,9,13
S,Kwai Tsing,葵青區,Kwai Tsing,Nuevos Territorios,495798,176604,2.7,48.0,881,49421,42474,132936,161501,109466,9.97,8.57,26.81,32.57,22.08,221.5,73274,16.42,293140,59.12,277243,79473,127986,1202,9894,55.92,16.03,25.81,21242.0,494500,-5.01,23740,30170,16000,56.8,253756,234425,92.38,25700,53.5,21.23,82.9,797,793,297,4,0,0,1,249,34.15,16.08,495798.0,1.9,3,1,2.0,0,23.34,22.340963,114.094669,31,3,Núcleo denso de vivienda pública e ingreso bajo,1.4,31.0,50.6,6,15,7,3,15
T,Islands,離島區,Islas,Nuevos Territorios,185282,67104,2.7,42.7,847,23767,16808,58660,58751,27296,12.83,9.07,31.66,31.71,14.73,114.8,43705,27.06,102296,55.21,69735,10254,101232,1825,2236,37.64,5.53,54.64,1014.0,198400,26.53,28960,35210,18000,62.5,100892,93368,92.54,31800,61.4,10.03,102.6,461,448,18,3,0,10,2,163,2.52,24.88,92641.0,3.74,17,1,2.0,0,182.74,22.226356,113.988311,10,1,Suburbano de baja densidad,37.2,6.0,0.0,17,7,18,18,4
