codigo_estacion,nombre_en,nombre_zh,lat,lon,n_rutas,codigo,codigo_dcca
ADM,Admiralty,金鐘,22.27942,114.16435,4,A,A01
AIR,Airport,機場,22.31592,113.93648,1,T,T06
AUS,Austin,柯士甸,22.30491,114.16632,1,E,E01
AWE,AsiaWorld-Expo,博覽館,22.32175,113.94123,1,T,T06
CAB,Causeway Bay,銅鑼灣,22.28019,114.18424,1,B,B04
CEN,Central,中環,22.28215,114.15768,2,A,A01
CHH,Choi Hung,彩虹,22.33497,114.20904,1,H,H24
CHW,Chai Wan,柴灣,22.26458,114.23711,1,C,C33
CIO,City One,第一城,22.38296,114.20363,1,R,R05
CKT,Che Kung Temple,車公廟,22.37477,114.18589,1,R,R11
CSW,Cheung Sha Wan,長沙灣,22.33555,114.15605,1,F,F11
DIH,Diamond Hill,鑽石山,22.34003,114.20165,2,H,H06
DIS,Disneyland Resort,迪士尼,22.31549,114.04485,1,K,K11
ETS,East Tsim Sha Tsui,尖東,22.29531,114.17465,1,E,E01
EXC,Exhibition Centre,會展,22.28165,114.17531,1,B,B01
FAN,Fanling,粉嶺,22.4921,114.13867,1,N,N03
FOH,Fortress Hill,炮台山,22.28791,114.19359,1,C,C17
FOT,Fo Tan,火炭,22.39582,114.1985,1,R,R23
HAH,Hang Hau,坑口,22.31574,114.26431,1,Q,Q24
HEO,Heng On,恆安,22.41786,114.22588,1,R,R25
HFC,Heng Fa Chuen,杏花邨,22.27664,114.23971,1,C,C08
HIK,Hin Keng,顯徑,22.36372,114.17074,1,R,R17
HKU,HKU,香港大學,22.28405,114.13556,1,A,A15
HOK,Hong Kong,香港,22.28467,114.15822,2,A,A01
HOM,Ho Man Tin,何文田,22.30939,114.18259,2,G,G24
HUH,Hung Hom,紅磡,22.30299,114.18218,2,E,E17
JOR,Jordan,佐敦,22.30481,114.17165,1,E,E19
KAT,Kai Tak,啟德,22.33042,114.19935,1,G,G14
KET,Kennedy Town,堅尼地城,22.28121,114.1284,1,A,A06
KOB,Kowloon Bay,九龍灣,22.32346,114.214,1,J,J02
KOT,Kowloon Tong,九龍塘,22.33712,114.17578,2,G,G10
KOW,Kowloon,九龍,22.30426,114.16144,2,E,E02
KSR,Kam Sheung Road,錦上路,22.43513,114.06318,1,M,M37
KWF,Kwai Fong,葵芳,22.3568,114.12779,1,S,S15
KWH,Kwai Hing,葵興,22.36307,114.13122,1,S,S02
KWT,Kwun Tong,觀塘,22.31209,114.2265,1,J,J01
LAK,Lai King,茘景,22.34834,114.12619,2,S,S19
LAT,Lam Tin,藍田,22.30683,114.23274,1,J,J28
LCK,Lai Chi Kok,茘枝角,22.33725,114.14796,1,F,F18
LET,Lei Tung,利東,22.24184,114.156,1,D,D05
LHP,LOHAS Park,康城,22.29559,114.26873,1,Q,Q29
LMC,Lok Ma Chau,落馬洲,22.51447,114.06569,1,M,M36
LOF,Lok Fu,樂富,22.33801,114.18703,1,H,H10
LOP,Long Ping,朗屏,22.44763,114.02545,1,M,M07
LOW,Lo Wu,羅湖,22.52764,114.11323,1,N,N11
MEF,Mei Foo,美孚,22.33793,114.13639,2,F,F17
MKK,Mong Kok East,旺角東,22.32202,114.17259,1,E,E14
MOK,Mong Kok,旺角,22.3193,114.16935,2,E,E06
MOS,Ma On Shan,馬鞍山,22.42491,114.23198,1,R,R28
NAC,Nam Cheong,南昌,22.32688,114.1535,2,F,F12
NOP,North Point,北角,22.29118,114.20039,2,C,C21
NTK,Ngau Tau Kok,牛頭角,22.3155,114.21898,1,J,J01
OCP,Ocean Park,海洋公園,22.2487,114.17432,1,D,D15
OLY,Olympic,奧運,22.31779,114.16025,1,E,E08
POA,Po Lam,寶琳,22.32256,114.25787,1,Q,Q19
PRE,Prince Edward,太子,22.32441,114.16828,2,E,E12
QUB,Quarry Bay,鰂魚涌,22.28857,114.2087,2,C,C23
SHM,Shek Mun,石門,22.38788,114.20852,1,R,R39
SHS,Sheung Shui,上水,22.50162,114.12753,1,N,N13
SHT,Sha Tin,沙田,22.38213,114.18691,1,R,R02
SHW,Sheung Wan,上環,22.2866,114.15201,1,A,A01
SIH,Siu Hong,兆康,22.41153,113.9788,1,L,L27
SKM,Shek Kip Mei,石硤尾,22.33179,114.16882,1,F,F25
SKW,Shau Kei Wan,筲箕灣,22.27923,114.22895,1,C,C06
SOH,South Horizons,海怡半島,22.24284,114.14884,1,D,D06
SSP,Sham Shui Po,深水埗,22.33089,114.16212,1,F,F03
STW,Sha Tin Wai,沙田圍,22.37691,114.19481,1,R,R08
SUN,Sunny Bay,欣澳,22.33211,114.02904,2,K,K11
SUW,Sung Wong Toi,宋皇臺,22.32562,114.19061,1,G,G14
SWH,Sai Wan Ho,西灣河,22.28218,114.22182,1,C,C04
SYP,Sai Ying Pun,西營盤,22.28551,114.1427,1,A,A14
TAK,Tai Koo,太古,22.28465,114.21648,1,C,C27
TAP,Tai Po Market,大埔墟,22.44458,114.17039,1,P,P12
TAW,Tai Wai,大圍,22.37276,114.17869,2,R,R19
TIH,Tin Hau,天后,22.28224,114.19185,1,B,B05
TIK,Tiu Keng Leng,調景嶺,22.30426,114.25264,2,Q,Q08
TIS,Tin Shui Wai,天水圍,22.44788,114.00447,1,M,M16
TKO,Tseung Kwan O,將軍澳,22.30744,114.26001,1,Q,Q12
TKW,To Kwa Wan,土瓜灣,22.31791,114.18762,1,G,G04
TSH,Tai Shui Hang,大水坑,22.40819,114.2226,1,R,R36
TST,Tsim Sha Tsui,尖沙咀,22.2977,114.17218,1,E,E20
TSW,Tsuen Wan,荃灣,22.37352,114.11808,1,K,K10
TSY,Tsing Yi,青衣,22.3584,114.10728,2,S,S22
TUC,Tung Chung,東涌,22.28918,113.94127,1,T,T04
TUM,Tuen Mun,屯門,22.39511,113.97319,1,L,L01
TWH,Tai Wo Hau,大窩口,22.37076,114.12501,1,K,K19
TWO,Tai Wo,太和,22.45107,114.16118,1,P,P14
TWW,Tsuen Wan West,荃灣西,22.36839,114.10966,1,K,K05
UNI,University,大學,22.41366,114.21004,1,R,R24
WAC,Wan Chai,灣仔,22.27755,114.17263,1,B,B12
WCH,Wong Chuk Hang,黃竹坑,22.24798,114.16799,1,D,D15
WHA,Whampoa,黃埔,22.30481,114.18983,1,G,G20
WKS,Wu Kai Sha,烏溪沙,22.42915,114.24385,1,R,R29
WTS,Wong Tai Sin,黃大仙,22.34168,114.19387,1,H,H01
YAT,Yau Tong,油塘,22.298,114.237,2,J,J26
YMT,Yau Ma Tei,油麻地,22.31283,114.17066,2,E,E17
YUL,Yuen Long,元朗,22.44607,114.03517,1,M,M10
