GmlId,age_1,age_2,age_3,age_4,age_5,dc_eng,edu_deg,OBJECTID
DC_21C.1,24382,16779,77767,71534,45491,"Central and Western",89251,1
DC_21C.2,16917,9907,53860,50632,35379,"Wan Chai",63545,2
DC_21C.3,51517,36336,143911,174132,123707,"Eastern",137565,3
DC_21C.4,27255,18842,72397,87976,56808,"Southern",60709,4
DC_21C.5,36181,23224,100877,94797,55568,"Yau Tsim Mong",78905,5
DC_21C.6,49337,35476,123081,135261,87935,"Sham Shui Po",79270,6
DC_21C.7,50327,31113,121174,125562,82458,"Kowloon City",108320,7
DC_21C.8,36271,33463,103363,140294,93411,"Wong Tai Sin",61551,8
DC_21C.9,70063,60321,174338,220703,147741,"Kwun Tong",101470,9
DC_21C.10,49421,42474,132936,161501,109466,"Kwai Tsing",73274,10
DC_21C.11,37873,24515,95270,104390,58046,"Tsuen Wan",75736,11
DC_21C.12,54136,38535,152609,163644,97955,"Tuen Mun",79104,12
DC_21C.13,77199,58988,211376,220151,100366,"Yuen Long",116916,13
DC_21C.14,33499,27654,88314,104607,55557,"North",48482,14
DC_21C.15,34377,23198,97583,102810,58502,"Tai Po",67502,15
DC_21C.16,78886,53696,201135,220604,138485,"Sha Tin",154778,16
DC_21C.17,56329,39744,150700,164991,77273,"Sai Kung",128362,17
DC_21C.18,23767,16808,58660,58751,27296,"Islands",43705,18
